drg,title,relative_weight,gmlos,sso
1,Heart transplant or implant of heart assist system w MCC,0.0,0.0,0.0
2,Heart transplant or implant of heart assist system w/o MCC,0.0,0.0,0.0
3,"ECMO or trach w MV >96 hrs or PDX exc face, mouth & neck w maj O.R.",3.8813,60.5,50.4
4,"Trach w MV >96 hrs or PDX exc face, mouth & neck w/o maj O.R.",2.7598,43.3,36.1
5,Liver transplant w MCC or intestinal transplant,0.0,0.0,0.0
6,Liver transplant w/o MCC,0.0,0.0,0.0
7,Lung transplant,0.0,0.0,0.0
8,Simultaneous pancreas/kidney transplant,0.0,0.0,0.0
10,Pancreas transplant,0.0,0.0,0.0
11,"Tracheostomy for face,mouth & neck diagnoses w MCC",0.5165,16.9,14.1
12,"Tracheostomy for face,mouth & neck diagnoses w CC",0.5165,16.9,14.1
13,"Tracheostomy for face,mouth & neck diagnoses w/o CC/MCC",0.5165,16.9,14.1
14,Allogeneic bone marrow transplant,0.6019,18.7,15.6
16,Autologous bone marrow transplant w CC/MCC,0.6019,18.7,15.6
17,Autologous bone marrow transplant w/o CC/MCC,0.6019,18.7,15.6
20,Intracranial vascular procedures w PDX hemorrhage w MCC,0.8405,22.2,18.5
21,Intracranial vascular procedures w PDX hemorrhage w CC,0.444,16.4,13.7
22,Intracranial vascular procedures w PDX hemorrhage w/o CC/MCC,0.444,16.4,13.7
23,Craniotomy w major device Implant or acute CNS PDX w MCC or chemotherapy implant or epilepsy w neurostimulator,1.713,34.3,28.6
24,Cranio w major dev impl/acute complex CNS PDX w/o MCC,1.713,34.3,28.6
25,Craniotomy & endovascular intracranial procedures w MCC,1.713,34.3,28.6
26,Craniotomy & endovascular intracranial procedures w CC,1.713,34.3,28.6
27,Craniotomy & endovascular intracranial procedures w/o CC/MCC,1.713,34.3,28.6
28,Spinal procedures w MCC,1.713,34.3,28.6
29,Spinal procedures w CC or spinal neurostimulators,0.8194,22.7,18.9
30,Spinal procedures w/o CC/MCC,0.8194,22.7,18.9
31,Ventricular shunt procedures w MCC,1.713,34.3,28.6
32,Ventricular shunt procedures w CC,0.8194,22.7,18.9
33,Ventricular shunt procedures w/o CC/MCC,0.8194,22.7,18.9
34,Carotid artery stent procedure w MCC,1.6455,40.6,33.8
35,Carotid artery stent procedure w CC,1.6455,40.6,33.8
36,Carotid artery stent procedure w/o CC/MCC,1.6455,40.6,33.8
37,Extracranial procedures w MCC,1.713,34.3,28.6
38,Extracranial procedures w CC,1.713,34.3,28.6
39,Extracranial procedures w/o CC/MCC,0.5165,16.9,14.1
40,Periph/cranial nerve & other nerv syst proc w MCC,1.5368,36.2,30.2
41,Periph/cranial nerve & other nerv syst proc w CC or periph neurostim,0.8194,22.7,18.9
42,Periph/cranial nerve & other nerv syst proc w/o CC/MCC,0.8194,22.7,18.9
52,Spinal disorders & injuries w CC/MCC,1.0728,38.8,32.3
53,Spinal disorders & injuries w/o CC/MCC,1.0728,38.8,32.3
54,Nervous system neoplasms w MCC,0.8194,22.7,18.9
55,Nervous system neoplasms w/o MCC,0.5165,16.9,14.1
56,Degenerative nervous system disorders w MCC,0.8682,25.0,20.8
57,Degenerative nervous system disorders w/o MCC,0.6903,22.8,19.0
58,Multiple sclerosis & cerebellar ataxia w MCC,1.713,34.3,28.6
59,Multiple sclerosis & cerebellar ataxia w CC,0.6019,18.7,15.6
60,Multiple sclerosis & cerebellar ataxia w/o CC/MCC,0.6019,18.7,15.6
61,"Ischemic stroke, precerebral occlusion or transient ischemia w thrombolytic agent w MCC",0.8833,23.2,19.3
62,"Ischemic stroke, precerebral occlusion or transient ischemia w thrombolytic agent w CC",0.6505,20.1,16.8
63,"Ischemic stroke, precerebral occlusion or transient ischemia w thrombolytic agent w/o CC/MCC",0.5165,16.9,14.1
64,Intracranial hemorrhage or cerebral infarction w MCC,0.8405,22.2,18.5
65,Intracranial hemorrhage or cerebral infarction w CC or tPA in 24 hrs,0.444,16.4,13.7
66,Intracranial hemorrhage or cerebral infarction w/o CC/MCC,0.444,16.4,13.7
67,Nonspecific cva & precerebral occlusion w/o infarct w MCC,0.5165,16.9,14.1
68,Nonspecific cva & precerebral occlusion w/o infarct w/o MCC,0.5165,16.9,14.1
69,Transient ischemia w/o thrombolytic,1.1531,27.7,23.1
70,Nonspecific cerebrovascular disorders w MCC,0.8833,23.2,19.3
71,Nonspecific cerebrovascular disorders w CC,0.6505,20.1,16.8
72,Nonspecific cerebrovascular disorders w/o CC/MCC,0.5165,16.9,14.1
73,Cranial & peripheral nerve disorders w MCC,1.713,34.3,28.6
74,Cranial & peripheral nerve disorders w/o MCC,0.8194,22.7,18.9
75,Viral meningitis w CC/MCC,0.8194,22.7,18.9
76,Viral meningitis w/o CC/MCC,0.6019,18.7,15.6
77,Hypertensive encephalopathy w MCC,0.6019,18.7,15.6
78,Hypertensive encephalopathy w CC,0.6019,18.7,15.6
79,Hypertensive encephalopathy w/o CC/MCC,0.6019,18.7,15.6
80,Nontraumatic stupor & coma w MCC,1.713,34.3,28.6
81,Nontraumatic stupor & coma w/o MCC,1.713,34.3,28.6
82,"Traumatic stupor & coma, coma >1 hr w MCC",0.8846,24.0,20.0
83,"Traumatic stupor & coma, coma >1 hr w CC",0.5165,16.9,14.1
84,"Traumatic stupor & coma, coma >1 hr w/o CC/MCC",0.5165,16.9,14.1
85,"Traumatic stupor & coma, coma <1 hr w MCC",1.0729,27.0,22.5
86,"Traumatic stupor & coma, coma <1 hr w CC",0.6895,21.6,18.0
87,"Traumatic stupor & coma, coma <1 hr w/o CC/MCC",0.5165,16.9,14.1
88,Concussion w MCC,1.0729,27.0,22.5
89,Concussion w CC,0.6895,21.6,18.0
90,Concussion w/o CC/MCC,0.5165,16.9,14.1
91,Other disorders of nervous system w MCC,1.0668,26.7,22.3
92,Other disorders of nervous system w CC,0.638,22.4,18.7
93,Other disorders of nervous system w/o CC/MCC,0.5165,16.9,14.1
94,Bacterial & tuberculous infections of nervous system w MCC,1.216,28.1,23.4
95,Bacterial & tuberculous infections of nervous system w CC,0.7403,22.6,18.8
96,Bacterial & tuberculous infections of nervous system w/o CC/MCC,0.6019,18.7,15.6
97,Non-bacterial infect of nervous sys exc viral meningitis w MCC,0.9488,22.3,18.6
98,Non-bacterial infect of nervous sys exc viral meningitis w CC,0.6019,18.7,15.6
99,Non-bacterial infect of nervous sys exc viral meningitis w/o CC/MCC,0.6019,18.7,15.6
100,Seizures w MCC,0.8262,23.6,19.7
101,Seizures w/o MCC,0.6019,18.7,15.6
102,Headaches w MCC,0.8194,22.7,18.9
103,Headaches w/o MCC,0.5165,16.9,14.1
113,Orbital procedures w CC/MCC,0.5165,16.9,14.1
114,Orbital procedures w/o CC/MCC,0.5165,16.9,14.1
115,Extraocular procedures except orbit,0.5165,16.9,14.1
116,Intraocular procedures w CC/MCC,0.5165,16.9,14.1
117,Intraocular procedures w/o CC/MCC,0.5165,16.9,14.1
121,Acute major eye infections w CC/MCC,0.5165,16.9,14.1
122,Acute major eye infections w/o CC/MCC,0.5165,16.9,14.1
123,Neurological eye disorders,0.5165,16.9,14.1
124,Other disorders of the eye w MCC,0.5165,16.9,14.1
125,Other disorders of the eye w/o MCC,0.5165,16.9,14.1
129,Major head & neck procedures w CC/MCC or major device,1.1531,27.7,23.1
130,Major head & neck procedures w/o CC/MCC,0.8194,22.7,18.9
131,Cranial/facial procedures w CC/MCC,0.5165,16.9,14.1
132,Cranial/facial procedures w/o CC/MCC,0.5165,16.9,14.1
133,"Other ear, nose, mouth & throat O.R. procedures w CC/MCC",1.713,34.3,28.6
134,"Other ear, nose, mouth & throat O.R. procedures w/o CC/MCC",0.5165,16.9,14.1
135,Sinus & mastoid procedures w CC/MCC,0.5165,16.9,14.1
136,Sinus & mastoid procedures w/o CC/MCC,0.5165,16.9,14.1
137,Mouth procedures w CC/MCC,0.5165,16.9,14.1
138,Mouth procedures w/o CC/MCC,0.5165,16.9,14.1
139,Salivary gland procedures,0.8194,22.7,18.9
146,"Ear, nose, mouth & throat malignancy w MCC",1.0523,28.5,23.8
147,"Ear, nose, mouth & throat malignancy w CC",0.8194,22.7,18.9
148,"Ear, nose, mouth & throat malignancy w/o CC/MCC",0.5165,16.9,14.1
149,Dysequilibrium,0.5165,16.9,14.1
150,Epistaxis w MCC,1.1531,27.7,23.1
151,Epistaxis w/o MCC,0.5165,16.9,14.1
152,Otitis media & URI w MCC,1.1531,27.7,23.1
153,Otitis media & URI w/o MCC,0.5165,16.9,14.1
154,"Other ear, nose, mouth & throat diagnoses w MCC",0.8194,22.7,18.9
155,"Other ear, nose, mouth & throat diagnoses w CC",0.5165,16.9,14.1
156,"Other ear, nose, mouth & throat diagnoses w/o CC/MCC",0.5165,16.9,14.1
157,Dental & oral diseases w MCC,1.1531,27.7,23.1
158,Dental & oral diseases w CC,0.8194,22.7,18.9
159,Dental & oral diseases w/o CC/MCC,0.5165,16.9,14.1
163,Major chest procedures w MCC,2.5939,37.2,31.0
164,Major chest procedures w CC,1.713,34.3,28.6
165,Major chest procedures w/o CC/MCC,1.713,34.3,28.6
166,Other resp system O.R. procedures w MCC,2.3702,40.6,33.8
167,Other resp system O.R. procedures w CC,1.438,28.6,23.8
168,Other resp system O.R. procedures w/o CC/MCC,1.438,28.6,23.8
175,Pulmonary embolism w MCC,0.6978,18.8,15.7
176,Pulmonary embolism w/o MCC,0.6019,18.7,15.6
177,Respiratory infections & inflammations w MCC,0.8684,21.9,18.3
178,Respiratory infections & inflammations w CC,0.6266,18.3,15.3
179,Respiratory infections & inflammations w/o CC/MCC,0.4879,16.5,13.8
180,Respiratory neoplasms w MCC,0.6544,18.1,15.1
181,Respiratory neoplasms w CC,0.6019,18.7,15.6
182,Respiratory neoplasms w/o CC/MCC,0.4879,16.5,13.8
183,Major chest trauma w MCC,0.8194,22.7,18.9
184,Major chest trauma w CC,0.8194,22.7,18.9
185,Major chest trauma w/o CC/MCC,0.8194,22.7,18.9
186,Pleural effusion w MCC,0.7478,20.3,16.9
187,Pleural effusion w CC,0.6019,18.7,15.6
188,Pleural effusion w/o CC/MCC,0.5287,16.3,13.6
189,Pulmonary edema & respiratory failure,0.9655,21.7,18.1
190,Chronic obstructive pulmonary disease w MCC,0.7197,18.9,15.8
191,Chronic obstructive pulmonary disease w CC,0.5673,15.9,13.3
192,Chronic obstructive pulmonary disease w/o CC/MCC,0.5673,15.9,13.3
193,Simple pneumonia & pleurisy w MCC,0.7408,19.4,16.2
194,Simple pneumonia & pleurisy w CC,0.5287,16.3,13.6
195,Simple pneumonia & pleurisy w/o CC/MCC,0.5287,16.3,13.6
196,Interstitial lung disease w MCC,0.9252,22.3,18.6
197,Interstitial lung disease w CC,0.6019,18.7,15.6
198,Interstitial lung disease w/o CC/MCC,0.5165,16.9,14.1
199,Pneumothorax w MCC,0.8073,20.1,16.8
200,Pneumothorax w CC,0.6019,18.7,15.6
201,Pneumothorax w/o CC/MCC,0.6019,18.7,15.6
202,Bronchitis & asthma w CC/MCC,0.7005,18.5,15.4
203,Bronchitis & asthma w/o CC/MCC,0.5165,16.9,14.1
204,Respiratory signs & symptoms,0.6019,18.7,15.6
205,Other respiratory system diagnoses w MCC,0.9255,22.8,19.0
206,Other respiratory system diagnoses w/o MCC,0.5165,16.9,14.1
207,Respiratory system diagnosis w ventilator support >96 hours,1.8298,31.8,26.5
208,Respiratory system diagnosis w ventilator support <=96 hours,1.0706,21.6,18.0
215,Other heart assist system implant,1.5359,33.4,27.8
216,Cardiac valve & oth maj cardiothoracic proc w card cath w MCC,1.5359,33.4,27.8
217,Cardiac valve & oth maj cardiothoracic proc w card cath w CC,1.5359,33.4,27.8
218,Cardiac valve & oth maj cardiothoracic proc w card cath w/o CC/MCC,1.1531,27.7,23.1
219,Cardiac valve & oth maj cardiothoracic proc w/o card cath w MCC,1.5359,33.4,27.8
220,Cardiac valve & oth maj cardiothoracic proc w/o card cath w CC,1.5359,33.4,27.8
221,Cardiac valve & oth maj cardiothoracic proc w/o card cath w/o CC/MCC,1.5359,33.4,27.8
222,Cardiac defib implant w cardiac cath w AMI/HF/shock w MCC,1.1531,27.7,23.1
223,Cardiac defib implant w cardiac cath w AMI/HF/shock w/o MCC,1.1531,27.7,23.1
224,Cardiac defib implant w cardiac cath w/o AMI/HF/shock w MCC,1.1531,27.7,23.1
225,Cardiac defib implant w cardiac cath w/o AMI/HF/shock w/o MCC,1.1531,27.7,23.1
226,Cardiac defibrillator implant w/o cardiac cath w MCC,1.713,34.3,28.6
227,Cardiac defibrillator implant w/o cardiac cath w/o MCC,1.1531,27.7,23.1
228,Other cardiothoracic procedures w MCC,1.5359,33.4,27.8
229,Other cardiothoracic procedures w/o MCC,1.1531,27.7,23.1
231,Coronary bypass w PTCA w MCC,1.5359,33.4,27.8
232,Coronary bypass w PTCA w/o MCC,1.3554,31.6,26.3
233,Coronary bypass w cardiac cath w MCC,1.5359,33.4,27.8
234,Coronary bypass w cardiac cath w/o MCC,1.3554,31.6,26.3
235,Coronary bypass w/o cardiac cath w MCC,1.5359,33.4,27.8
236,Coronary bypass w/o cardiac cath w/o MCC,1.3554,31.6,26.3
239,Amputation for circ sys disorders exc upper limb & toe w MCC,1.6455,40.6,33.8
240,Amputation for circ sys disorders exc upper limb & toe w CC,1.1531,27.7,23.1
241,Amputation for circ sys disorders exc upper limb & toe w/o CC/MCC,1.1531,27.7,23.1
242,Permanent cardiac pacemaker implant w MCC,1.1531,27.7,23.1
243,Permanent cardiac pacemaker implant w CC,1.1531,27.7,23.1
244,Permanent cardiac pacemaker implant w/o CC/MCC,0.6019,18.7,15.6
245,AICD generator procedures,1.713,34.3,28.6
246,Percutaneous cardiovascular procedures w drug-eluting stent w MCC or 4 arteries or stents,1.1531,27.7,23.1
247,Perc cardiovasc proc w drug-eluting stent w/o MCC,1.1531,27.7,23.1
248,Percutaneous cardiovascular procedures w non-drug-eluting stent w MCC or 4 arteries or stents,1.713,34.3,28.6
249,Perc cardiovasc proc w non-drug-eluting stent w/o MCC,0.6019,18.7,15.6
250,Perc cardiovasc proc w/o coronary artery stent w MCC,1.713,34.3,28.6
251,Perc cardiovasc proc w/o coronary artery stent w/o MCC,0.6019,18.7,15.6
252,Other vascular procedures w MCC,1.5359,33.4,27.8
253,Other vascular procedures w CC,1.1531,27.7,23.1
254,Other vascular procedures w/o CC/MCC,1.1531,27.7,23.1
255,Upper limb & toe amputation for circ system disorders w MCC,1.1531,27.7,23.1
256,Upper limb & toe amputation for circ system disorders w CC,1.1531,27.7,23.1
257,Upper limb & toe amputation for circ system disorders w/o CC/MCC,0.5165,16.9,14.1
258,Cardiac pacemaker device replacement w MCC,0.8194,22.7,18.9
259,Cardiac pacemaker device replacement w/o MCC,0.6019,18.7,15.6
260,Cardiac pacemaker revision except device replacement w MCC,1.1531,27.7,23.1
261,Cardiac pacemaker revision except device replacement w CC,0.8194,22.7,18.9
262,Cardiac pacemaker revision except device replacement w/o CC/MCC,0.8194,22.7,18.9
263,Vein ligation & stripping,1.1531,27.7,23.1
264,Other circulatory system O.R. procedures,1.3554,31.6,26.3
265,AICD lead procedures,0.5165,16.9,14.1
266,Endovascular cardiac valve replacement w MCC,1.5359,33.4,27.8
267,Endovascular cardiac valve replacement w/o MCC,1.1531,27.7,23.1
268,Aortic and heart assist procedures except pulsation balloon w MCC,1.5359,33.4,27.8
269,Aortic and heart assist procedures except pulsation balloon w/o MCC,1.3554,31.6,26.3
270,Other major cardiovascular procedures w MCC,1.713,34.3,28.6
271,Other major cardiovascular procedures w CC,1.1531,27.7,23.1
272,Other major cardiovascular procedures w/o CC/MCC,0.6019,18.7,15.6
273,Percutaneous intracardiac procedures w MCC,1.1531,27.7,23.1
274,Percutaneous intracardiac procedures w/o MCC,0.8194,22.7,18.9
280,"Acute myocardial infarction, discharged alive w MCC",0.8034,21.5,17.9
281,"Acute myocardial infarction, discharged alive w CC",0.558,17.8,14.8
282,"Acute myocardial infarction, discharged alive w/o CC/MCC",0.5165,16.9,14.1
283,"Acute myocardial infarction, expired w MCC",0.8531,17.2,14.3
284,"Acute myocardial infarction, expired w CC",0.6019,18.7,15.6
285,"Acute myocardial infarction, expired w/o CC/MCC",0.6019,18.7,15.6
286,"Circulatory disorders except AMI, w card cath w MCC",1.1531,27.7,23.1
287,"Circulatory disorders except AMI, w card cath w/o MCC",0.6019,18.7,15.6
288,Acute & subacute endocarditis w MCC,1.1039,26.7,22.3
289,Acute & subacute endocarditis w CC,0.8331,25.3,21.1
290,Acute & subacute endocarditis w/o CC/MCC,0.6019,18.7,15.6
291,Heart failure & shock w MCC,0.8021,20.9,17.4
292,Heart failure & shock w CC,0.6238,18.0,15.0
293,Heart failure & shock w/o CC/MCC,0.5165,16.9,14.1
294,Deep vein thrombophlebitis w CC/MCC,0.5165,16.9,14.1
295,Deep vein thrombophlebitis w/o CC/MCC,0.5165,16.9,14.1
296,"Cardiac arrest, unexplained w MCC",1.713,34.3,28.6
297,"Cardiac arrest, unexplained w CC",0.6238,18.0,15.0
298,"Cardiac arrest, unexplained w/o CC/MCC",0.5165,16.9,14.1
299,Peripheral vascular disorders w MCC,0.849,22.2,18.5
300,Peripheral vascular disorders w CC,0.5329,18.9,15.8
301,Peripheral vascular disorders w/o CC/MCC,0.5165,16.9,14.1
302,Atherosclerosis w MCC,0.8732,21.4,17.8
303,Atherosclerosis w/o MCC,0.5165,16.9,14.1
304,Hypertension w MCC,1.713,34.3,28.6
305,Hypertension w/o MCC,0.6019,18.7,15.6
306,Cardiac congenital & valvular disorders w MCC,0.9505,23.2,19.3
307,Cardiac congenital & valvular disorders w/o MCC,0.8194,22.7,18.9
308,Cardiac arrhythmia & conduction disorders w MCC,0.6965,21.1,17.6
309,Cardiac arrhythmia & conduction disorders w CC,0.6019,18.7,15.6
310,Cardiac arrhythmia & conduction disorders w/o CC/MCC,0.5165,16.9,14.1
311,Angina pectoris,1.1531,27.7,23.1
312,Syncope & collapse,1.1531,27.7,23.1
313,Chest pain,0.5165,16.9,14.1
314,Other circulatory system diagnoses w MCC,1.0128,24.1,20.1
315,Other circulatory system diagnoses w CC,0.6428,20.7,17.3
316,Other circulatory system diagnoses w/o CC/MCC,0.6428,20.7,17.3
326,"Stomach, esophageal & duodenal proc w MCC",1.713,34.3,28.6
327,"Stomach, esophageal & duodenal proc w CC",1.1531,27.7,23.1
328,"Stomach, esophageal & duodenal proc w/o CC/MCC",0.6019,18.7,15.6
329,Major small & large bowel procedures w MCC,1.713,34.3,28.6
330,Major small & large bowel procedures w CC,1.1531,27.7,23.1
331,Major small & large bowel procedures w/o CC/MCC,0.6019,18.7,15.6
332,Rectal resection w MCC,1.713,34.3,28.6
333,Rectal resection w CC,0.7032,19.6,16.3
334,Rectal resection w/o CC/MCC,0.6019,18.7,15.6
335,Peritoneal adhesiolysis w MCC,1.713,34.3,28.6
336,Peritoneal adhesiolysis w CC,0.6019,18.7,15.6
337,Peritoneal adhesiolysis w/o CC/MCC,0.6019,18.7,15.6
338,Appendectomy w complicated principal diag w MCC,0.9451,23.5,19.6
339,Appendectomy w complicated principal diag w CC,0.7032,19.6,16.3
340,Appendectomy w complicated principal diag w/o CC/MCC,0.6019,18.7,15.6
341,Appendectomy w/o complicated principal diag w MCC,1.713,34.3,28.6
342,Appendectomy w/o complicated principal diag w CC,0.7032,19.6,16.3
343,Appendectomy w/o complicated principal diag w/o CC/MCC,0.6019,18.7,15.6
344,Minor small & large bowel procedures w MCC,1.713,34.3,28.6
345,Minor small & large bowel procedures w CC,0.7032,19.6,16.3
346,Minor small & large bowel procedures w/o CC/MCC,0.6019,18.7,15.6
347,Anal & stomal procedures w MCC,1.713,34.3,28.6
348,Anal & stomal procedures w CC,0.7032,19.6,16.3
349,Anal & stomal procedures w/o CC/MCC,0.6019,18.7,15.6
350,Inguinal & femoral hernia procedures w MCC,0.9451,23.5,19.6
351,Inguinal & femoral hernia procedures w CC,0.7032,19.6,16.3
352,Inguinal & femoral hernia procedures w/o CC/MCC,0.6019,18.7,15.6
353,Hernia procedures except inguinal & femoral w MCC,1.713,34.3,28.6
354,Hernia procedures except inguinal & femoral w CC,1.713,34.3,28.6
355,Hernia procedures except inguinal & femoral w/o CC/MCC,1.713,34.3,28.6
356,Other digestive system O.R. procedures w MCC,1.7396,35.2,29.3
357,Other digestive system O.R. procedures w CC,1.1531,27.7,23.1
358,Other digestive system O.R. procedures w/o CC/MCC,0.6019,18.7,15.6
368,Major esophageal disorders w MCC,1.1531,27.7,23.1
369,Major esophageal disorders w CC,1.1531,27.7,23.1
370,Major esophageal disorders w/o CC/MCC,1.1531,27.7,23.1
371,Major gastrointestinal disorders & peritoneal infections w MCC,0.9451,23.5,19.6
372,Major gastrointestinal disorders & peritoneal infections w CC,0.7032,19.6,16.3
373,Major gastrointestinal disorders & peritoneal infections w/o CC/MCC,0.6019,18.7,15.6
374,Digestive malignancy w MCC,0.8595,21.1,17.6
375,Digestive malignancy w CC,0.8194,22.7,18.9
376,Digestive malignancy w/o CC/MCC,0.6669,19.2,16.0
377,G.I. hemorrhage w MCC,0.9574,21.3,17.8
378,G.I. hemorrhage w CC,0.8194,22.7,18.9
379,G.I. hemorrhage w/o CC/MCC,0.5165,16.9,14.1
380,Complicated peptic ulcer w MCC,1.0374,27.0,22.5
381,Complicated peptic ulcer w CC,0.5165,16.9,14.1
382,Complicated peptic ulcer w/o CC/MCC,0.5165,16.9,14.1
383,Uncomplicated peptic ulcer w MCC,0.6019,18.7,15.6
384,Uncomplicated peptic ulcer w/o MCC,0.6019,18.7,15.6
385,Inflammatory bowel disease w MCC,1.1531,27.7,23.1
386,Inflammatory bowel disease w CC,1.1531,27.7,23.1
387,Inflammatory bowel disease w/o CC/MCC,1.1531,27.7,23.1
388,G.I. obstruction w MCC,0.9367,23.3,19.4
389,G.I. obstruction w CC,0.8194,22.7,18.9
390,G.I. obstruction w/o CC/MCC,0.8194,22.7,18.9
391,"Esophagitis, gastroent & misc digest disorders w MCC",0.9831,24.3,20.3
392,"Esophagitis, gastroent & misc digest disorders w/o MCC",0.6669,19.2,16.0
393,Other digestive system diagnoses w MCC,1.2031,26.2,21.8
394,Other digestive system diagnoses w CC,0.7362,20.6,17.2
395,Other digestive system diagnoses w/o CC/MCC,0.7362,20.6,17.2
405,"Pancreas, liver & shunt procedures w MCC",0.8194,22.7,18.9
406,"Pancreas, liver & shunt procedures w CC",0.6019,18.7,15.6
407,"Pancreas, liver & shunt procedures w/o CC/MCC",0.6019,18.7,15.6
408,Biliary tract proc except only cholecyst w or w/o c.d.e. w MCC,0.6019,18.7,15.6
409,Biliary tract proc except only cholecyst w or w/o c.d.e. w CC,0.6019,18.7,15.6
410,Biliary tract proc except only cholecyst w or w/o c.d.e. w/o CC/MCC,0.6019,18.7,15.6
411,Cholecystectomy w c.d.e. w MCC,0.9574,21.3,17.8
412,Cholecystectomy w c.d.e. w CC,0.8194,22.7,18.9
413,Cholecystectomy w c.d.e. w/o CC/MCC,0.5165,16.9,14.1
414,Cholecystectomy except by laparoscope w/o c.d.e. w MCC,1.713,34.3,28.6
415,Cholecystectomy except by laparoscope w/o c.d.e. w CC,0.8194,22.7,18.9
416,Cholecystectomy except by laparoscope w/o c.d.e. w/o CC/MCC,0.5165,16.9,14.1
417,Laparoscopic cholecystectomy w/o c.d.e. w MCC,0.8194,22.7,18.9
418,Laparoscopic cholecystectomy w/o c.d.e. w CC,0.8194,22.7,18.9
419,Laparoscopic cholecystectomy w/o c.d.e. w/o CC/MCC,0.8194,22.7,18.9
420,Hepatobiliary diagnostic procedures w MCC,1.0411,23.8,19.8
421,Hepatobiliary diagnostic procedures w CC,0.7898,20.9,17.4
422,Hepatobiliary diagnostic procedures w/o CC/MCC,0.6019,18.7,15.6
423,Other hepatobiliary or pancreas O.R. procedures w MCC,1.713,34.3,28.6
424,Other hepatobiliary or pancreas O.R. procedures w CC,0.6019,18.7,15.6
425,Other hepatobiliary or pancreas O.R. procedures w/o CC/MCC,0.6019,18.7,15.6
432,Cirrhosis & alcoholic hepatitis w MCC,0.7915,20.7,17.3
433,Cirrhosis & alcoholic hepatitis w CC,0.7915,20.7,17.3
434,Cirrhosis & alcoholic hepatitis w/o CC/MCC,0.7915,20.7,17.3
435,Malignancy of hepatobiliary system or pancreas w MCC,1.713,34.3,28.6
436,Malignancy of hepatobiliary system or pancreas w CC,1.713,34.3,28.6
437,Malignancy of hepatobiliary system or pancreas w/o CC/MCC,0.6669,19.2,16.0
438,Disorders of pancreas except malignancy w MCC,1.0411,23.8,19.8
439,Disorders of pancreas except malignancy w CC,0.7898,20.9,17.4
440,Disorders of pancreas except malignancy w/o CC/MCC,0.6019,18.7,15.6
441,"Disorders of liver except malig,cirr,alc hepa w MCC",0.8183,20.6,17.2
442,"Disorders of liver except malig,cirr,alc hepa w CC",0.6308,16.8,14.0
443,"Disorders of liver except malig,cirr,alc hepa w/o CC/MCC",0.6019,18.7,15.6
444,Disorders of the biliary tract w MCC,0.8696,22.7,18.9
445,Disorders of the biliary tract w CC,0.8194,22.7,18.9
446,Disorders of the biliary tract w/o CC/MCC,0.5165,16.9,14.1
453,Combined anterior/posterior spinal fusion w MCC,0.8383,25.2,21.0
454,Combined anterior/posterior spinal fusion w CC,0.8383,25.2,21.0
455,Combined anterior/posterior spinal fusion w/o CC/MCC,0.6392,18.7,15.6
456,Spinal fus exc cerv w spinal curv/malig/infec or ext fus w MCC,1.067,27.8,23.2
457,Spinal fus exc cerv w spinal curv/malig/infec or ext fus w CC,0.7256,22.8,19.0
458,Spinal fus exc cerv w spinal curv/malig/infec or ext fus w/o CC/MCC,0.7256,22.8,19.0
459,Spinal fusion except cervical w MCC,1.713,34.3,28.6
460,Spinal fusion except cervical w/o MCC,0.8194,22.7,18.9
461,Bilateral or multiple major joint procs of lower extremity w MCC,1.1531,27.7,23.1
462,Bilateral or multiple major joint procs of lower extremity w/o MCC,0.6204,19.7,16.4
463,"Wnd debrid & skn grft exc hand, for musculo-conn tiss dis w MCC",1.54,38.0,31.7
464,"Wnd debrid & skn grft exc hand, for musculo-conn tiss dis w CC",1.1737,33.8,28.2
465,"Wnd debrid & skn grft exc hand, for musculo-conn tiss dis w/o CC/MCC",0.5165,16.9,14.1
466,Revision of hip or knee replacement w MCC,0.6204,19.7,16.4
467,Revision of hip or knee replacement w CC,0.6204,19.7,16.4
468,Revision of hip or knee replacement w/o CC/MCC,0.6204,19.7,16.4
469,Major hip and knee joint replacement or reattachment of lower extremity w MCC or total ankle replacement,0.9343,23.4,19.5
470,Major hip and knee joint replacement or reattachment of lower extremity w/o MCC,0.6204,19.7,16.4
471,Cervical spinal fusion w MCC,1.1531,27.7,23.1
472,Cervical spinal fusion w CC,0.7256,22.8,19.0
473,Cervical spinal fusion w/o CC/MCC,0.7256,22.8,19.0
474,Amputation for musculoskeletal sys & conn tissue dis w MCC,1.6144,37.4,31.2
475,Amputation for musculoskeletal sys & conn tissue dis w CC,1.1531,27.7,23.1
476,Amputation for musculoskeletal sys & conn tissue dis w/o CC/MCC,1.1531,27.7,23.1
477,Biopsies of musculoskeletal system & connective tissue w MCC,1.1531,27.7,23.1
478,Biopsies of musculoskeletal system & connective tissue w CC,1.1531,27.7,23.1
479,Biopsies of musculoskeletal system & connective tissue w/o CC/MCC,1.1531,27.7,23.1
480,Hip & femur procedures except major joint w MCC,1.1531,27.7,23.1
481,Hip & femur procedures except major joint w CC,1.1531,27.7,23.1
482,Hip & femur procedures except major joint w/o CC/MCC,1.1531,27.7,23.1
483,Major joint/limb reattachment procedure of upper extremities,0.9343,23.4,19.5
485,Knee procedures w pdx of infection w MCC,1.713,34.3,28.6
486,Knee procedures w pdx of infection w CC,1.713,34.3,28.6
487,Knee procedures w pdx of infection w/o CC/MCC,1.713,34.3,28.6
488,Knee procedures w/o pdx of infection w CC/MCC,0.5165,16.9,14.1
489,Knee procedures w/o pdx of infection w/o CC/MCC,0.5165,16.9,14.1
492,"Lower extrem & humer proc except hip,foot,femur w MCC",1.1531,27.7,23.1
493,"Lower extrem & humer proc except hip,foot,femur w CC",1.1531,27.7,23.1
494,"Lower extrem & humer proc except hip,foot,femur w/o CC/MCC",0.8194,22.7,18.9
495,Local excision & removal int fix devices exc hip & femur w MCC,1.1531,27.7,23.1
496,Local excision & removal int fix devices exc hip & femur w CC,1.1531,27.7,23.1
497,Local excision & removal int fix devices exc hip & femur w/o CC/MCC,1.1531,27.7,23.1
498,Local excision & removal int fix devices of hip & femur w CC/MCC,0.8194,22.7,18.9
499,Local excision & removal int fix devices of hip & femur w/o CC/MCC,0.8194,22.7,18.9
500,Soft tissue procedures w MCC,1.3573,34.0,28.3
501,Soft tissue procedures w CC,0.8194,22.7,18.9
502,Soft tissue procedures w/o CC/MCC,0.8194,22.7,18.9
503,Foot procedures w MCC,1.1531,27.7,23.1
504,Foot procedures w CC,0.8194,22.7,18.9
505,Foot procedures w/o CC/MCC,0.8194,22.7,18.9
506,Major thumb or joint procedures,1.1531,27.7,23.1
507,Major shoulder or elbow joint procedures w CC/MCC,1.1531,27.7,23.1
508,Major shoulder or elbow joint procedures w/o CC/MCC,1.1531,27.7,23.1
509,Arthroscopy,0.5165,16.9,14.1
510,"Shoulder,elbow or forearm proc,exc major joint proc w MCC",1.1531,27.7,23.1
511,"Shoulder,elbow or forearm proc,exc major joint proc w CC",0.8194,22.7,18.9
512,"Shoulder,elbow or forearm proc,exc major joint proc w/o CC/MCC",0.8194,22.7,18.9
513,"Hand or wrist proc, except major thumb or joint proc w CC/MCC",1.1531,27.7,23.1
514,"Hand or wrist proc, except major thumb or joint proc w/o CC/MCC",1.1531,27.7,23.1
515,Other musculoskelet sys & conn tiss O.R. proc w MCC,1.6419,37.9,31.6
516,Other musculoskelet sys & conn tiss O.R. proc w CC,0.8194,22.7,18.9
517,Other musculoskelet sys & conn tiss O.R. proc w/o CC/MCC,0.8194,22.7,18.9
518,Back & neck proc exc spinal fusion w MCC or disc device/neurostim,1.713,34.3,28.6
519,Back & neck proc exc spinal fusion w CC,0.7256,22.8,19.0
520,Back & neck proc exc spinal fusion w/o CC/MCC,0.7256,22.8,19.0
533,Fractures of femur w MCC,0.6019,18.7,15.6
534,Fractures of femur w/o MCC,0.6019,18.7,15.6
535,Fractures of hip & pelvis w MCC,0.5165,16.9,14.1
536,Fractures of hip & pelvis w/o MCC,0.5165,16.9,14.1
537,"Sprains, strains, & dislocations of hip, pelvis & thigh w CC/MCC",0.8194,22.7,18.9
538,"Sprains, strains, & dislocations of hip, pelvis & thigh w/o CC/MCC",0.5165,16.9,14.1
539,Osteomyelitis w MCC,1.0634,28.7,23.9
540,Osteomyelitis w CC,0.8095,25.5,21.3
541,Osteomyelitis w/o CC/MCC,0.8095,25.5,21.3
542,Pathological fractures & musculoskelet & conn tiss malig w MCC,1.713,34.3,28.6
543,Pathological fractures & musculoskelet & conn tiss malig w CC,0.6019,18.7,15.6
544,Pathological fractures & musculoskelet & conn tiss malig w/o CC/MCC,0.6019,18.7,15.6
545,Connective tissue disorders w MCC,1.1531,27.7,23.1
546,Connective tissue disorders w CC,0.5165,16.9,14.1
547,Connective tissue disorders w/o CC/MCC,0.5165,16.9,14.1
548,Septic arthritis w MCC,1.067,27.8,23.2
549,Septic arthritis w CC,0.7256,22.8,19.0
550,Septic arthritis w/o CC/MCC,0.7256,22.8,19.0
551,Medical back problems w MCC,0.9613,25.5,21.3
552,Medical back problems w/o MCC,0.8194,22.7,18.9
553,Bone diseases & arthropathies w MCC,0.6019,18.7,15.6
554,Bone diseases & arthropathies w/o MCC,0.6019,18.7,15.6
555,Signs & symptoms of musculoskeletal system & conn tissue w MCC,0.8194,22.7,18.9
556,Signs & symptoms of musculoskeletal system & conn tissue w/o MCC,0.5165,16.9,14.1
557,"Tendonitis, myositis & bursitis w MCC",1.0152,25.9,21.6
558,"Tendonitis, myositis & bursitis w/o MCC",0.7197,23.0,19.2
559,"Aftercare, musculoskeletal system & connective tissue w MCC",0.9624,25.6,21.3
560,"Aftercare, musculoskeletal system & connective tissue w CC",0.8383,25.2,21.0
561,"Aftercare, musculoskeletal system & connective tissue w/o CC/MCC",0.6392,18.7,15.6
562,"Fx, sprn, strn & disl except femur, hip, pelvis & thigh w MCC",0.5165,16.9,14.1
563,"Fx, sprn, strn & disl except femur, hip, pelvis & thigh w/o MCC",0.5165,16.9,14.1
564,Other musculoskeletal sys & connective tissue diagnoses w MCC,0.9343,23.4,19.5
565,Other musculoskeletal sys & connective tissue diagnoses w CC,0.6204,19.7,16.4
566,Other musculoskeletal sys & connective tissue diagnoses w/o CC/MCC,0.6204,19.7,16.4
570,Skin debridement w MCC,1.2342,32.4,27.0
571,Skin debridement w CC,0.8194,22.7,18.9
572,Skin debridement w/o CC/MCC,0.8194,22.7,18.9
573,Skin graft for skin ulcer or cellulitis w MCC,1.7283,44.6,37.2
574,Skin graft for skin ulcer or cellulitis w CC,1.1531,27.7,23.1
575,Skin graft for skin ulcer or cellulitis w/o CC/MCC,0.6019,18.7,15.6
576,Skin graft exc for skin ulcer or cellulitis w MCC,1.1531,27.7,23.1
577,Skin graft exc for skin ulcer or cellulitis w CC,1.1531,27.7,23.1
578,Skin graft exc for skin ulcer or cellulitis w/o CC/MCC,0.8194,22.7,18.9
579,"Other skin, subcut tiss & breast proc w MCC",1.5143,34.3,28.6
580,"Other skin, subcut tiss & breast proc w CC",0.8194,22.7,18.9
581,"Other skin, subcut tiss & breast proc w/o CC/MCC",0.5165,16.9,14.1
582,Mastectomy for malignancy w CC/MCC,0.8194,22.7,18.9
583,Mastectomy for malignancy w/o CC/MCC,0.8194,22.7,18.9
584,"Breast biopsy, local excision & other breast procedures w CC/MCC",0.6019,18.7,15.6
585,"Breast biopsy, local excision & other breast procedures w/o CC/MCC",0.6019,18.7,15.6
592,Skin ulcers w MCC,0.9011,25.1,20.9
593,Skin ulcers w CC,0.585,19.7,16.4
594,Skin ulcers w/o CC/MCC,0.585,19.7,16.4
595,Major skin disorders w MCC,0.8194,22.7,18.9
596,Major skin disorders w/o MCC,0.6019,18.7,15.6
597,Malignant breast disorders w MCC,0.6019,18.7,15.6
598,Malignant breast disorders w CC,0.5165,16.9,14.1
599,Malignant breast disorders w/o CC/MCC,0.5165,16.9,14.1
600,Non-malignant breast disorders w CC/MCC,0.5165,16.9,14.1
601,Non-malignant breast disorders w/o CC/MCC,0.5165,16.9,14.1
602,Cellulitis w MCC,0.8532,21.5,17.9
603,Cellulitis w/o MCC,0.5616,18.0,15.0
604,"Trauma to the skin, subcut tiss & breast w MCC",0.854,26.3,21.9
605,"Trauma to the skin, subcut tiss & breast w/o MCC",0.6019,18.7,15.6
606,Minor skin disorders w MCC,0.9369,22.1,18.4
607,Minor skin disorders w/o MCC,0.6019,18.7,15.6
614,Adrenal & pituitary procedures w CC/MCC,1.1531,27.7,23.1
615,Adrenal & pituitary procedures w/o CC/MCC,1.1531,27.7,23.1
616,"Amputat of lower limb for endocrine,nutrit,& metabol dis w MCC",1.713,34.3,28.6
617,"Amputat of lower limb for endocrine,nutrit,& metabol dis w CC",1.713,34.3,28.6
618,"Amputat of lower limb for endocrine,nutrit,& metabol dis w/o CC/MCC",1.1531,27.7,23.1
619,O.R. procedures for obesity w MCC,1.7396,35.2,29.3
620,O.R. procedures for obesity w CC,1.1531,27.7,23.1
621,O.R. procedures for obesity w/o CC/MCC,0.6019,18.7,15.6
622,"Skin grafts & wound debrid for endoc, nutrit & metab dis w MCC",1.4604,34.9,29.1
623,"Skin grafts & wound debrid for endoc, nutrit & metab dis w CC",1.0803,28.3,23.6
624,"Skin grafts & wound debrid for endoc, nutrit & metab dis w/o CC/MCC",0.6019,18.7,15.6
625,"Thyroid, parathyroid & thyroglossal procedures w MCC",1.6297,34.0,28.3
626,"Thyroid, parathyroid & thyroglossal procedures w CC",1.1531,27.7,23.1
627,"Thyroid, parathyroid & thyroglossal procedures w/o CC/MCC",1.1531,27.7,23.1
628,"Other endocrine, nutrit & metab O.R. proc w MCC",1.6297,34.0,28.3
629,"Other endocrine, nutrit & metab O.R. proc w CC",1.1531,27.7,23.1
630,"Other endocrine, nutrit & metab O.R. proc w/o CC/MCC",0.6019,18.7,15.6
637,Diabetes w MCC,0.9418,23.9,19.9
638,Diabetes w CC,0.7194,22.0,18.3
639,Diabetes w/o CC/MCC,0.6105,18.6,15.5
640,"Misc disorders of nutrition,metabolism,fluids/electrolytes w MCC",0.9133,22.7,18.9
641,"Misc disorders of nutrition,metabolism,fluids/electrolytes w/o MCC",0.6105,18.6,15.5
642,Inborn and other disorders of metabolism,0.6019,18.7,15.6
643,Endocrine disorders w MCC,0.8194,22.7,18.9
644,Endocrine disorders w CC,0.6019,18.7,15.6
645,Endocrine disorders w/o CC/MCC,0.6019,18.7,15.6
652,Kidney transplant,0.0,0.0,0.0
653,Major bladder procedures w MCC,1.713,34.3,28.6
654,Major bladder procedures w CC,1.713,34.3,28.6
655,Major bladder procedures w/o CC/MCC,0.8194,22.7,18.9
656,Kidney & ureter procedures for neoplasm w MCC,1.713,34.3,28.6
657,Kidney & ureter procedures for neoplasm w CC,1.713,34.3,28.6
658,Kidney & ureter procedures for neoplasm w/o CC/MCC,1.713,34.3,28.6
659,Kidney & ureter procedures for non-neoplasm w MCC,1.713,34.3,28.6
660,Kidney & ureter procedures for non-neoplasm w CC,1.713,34.3,28.6
661,Kidney & ureter procedures for non-neoplasm w/o CC/MCC,1.713,34.3,28.6
662,Minor bladder procedures w MCC,0.5165,16.9,14.1
663,Minor bladder procedures w CC,0.5165,16.9,14.1
664,Minor bladder procedures w/o CC/MCC,0.5165,16.9,14.1
665,Prostatectomy w MCC,1.713,34.3,28.6
666,Prostatectomy w CC,1.713,34.3,28.6
667,Prostatectomy w/o CC/MCC,1.713,34.3,28.6
668,Transurethral procedures w MCC,1.713,34.3,28.6
669,Transurethral procedures w CC,1.713,34.3,28.6
670,Transurethral procedures w/o CC/MCC,1.713,34.3,28.6
671,Urethral procedures w CC/MCC,1.3704,31.8,26.5
672,Urethral procedures w/o CC/MCC,0.5165,16.9,14.1
673,Other kidney & urinary tract procedures w MCC,1.3704,31.8,26.5
674,Other kidney & urinary tract procedures w CC,1.1531,27.7,23.1
675,Other kidney & urinary tract procedures w/o CC/MCC,0.5165,16.9,14.1
682,Renal failure w MCC,0.9544,23.4,19.5
683,Renal failure w CC,0.7152,20.6,17.2
684,Renal failure w/o CC/MCC,0.5165,16.9,14.1
685,Admit for renal dialysis,0.8194,22.7,18.9
686,Kidney & urinary tract neoplasms w MCC,0.8194,22.7,18.9
687,Kidney & urinary tract neoplasms w CC,0.8194,22.7,18.9
688,Kidney & urinary tract neoplasms w/o CC/MCC,0.6159,17.7,14.8
689,Kidney & urinary tract infections w MCC,0.711,21.1,17.6
690,Kidney & urinary tract infections w/o MCC,0.5074,16.8,14.0
691,Urinary stones w esw lithotripsy w CC/MCC,1.3704,31.8,26.5
692,Urinary stones w esw lithotripsy w/o CC/MCC,0.6019,18.7,15.6
693,Urinary stones w/o esw lithotripsy w MCC,1.1531,27.7,23.1
694,Urinary stones w/o esw lithotripsy w/o MCC,0.6019,18.7,15.6
695,Kidney & urinary tract signs & symptoms w MCC,1.713,34.3,28.6
696,Kidney & urinary tract signs & symptoms w/o MCC,0.5165,16.9,14.1
697,Urethral stricture,0.5165,16.9,14.1
698,Other kidney & urinary tract diagnoses w MCC,0.8636,22.4,18.7
699,Other kidney & urinary tract diagnoses w CC,0.6159,17.7,14.8
700,Other kidney & urinary tract diagnoses w/o CC/MCC,0.6159,17.7,14.8
707,Major male pelvic procedures w CC/MCC,1.1531,27.7,23.1
708,Major male pelvic procedures w/o CC/MCC,1.1531,27.7,23.1
709,Penis procedures w CC/MCC,1.713,34.3,28.6
710,Penis procedures w/o CC/MCC,1.1531,27.7,23.1
711,Testes procedures w CC/MCC,1.1531,27.7,23.1
712,Testes procedures w/o CC/MCC,1.1531,27.7,23.1
713,Transurethral prostatectomy w CC/MCC,1.713,34.3,28.6
714,Transurethral prostatectomy w/o CC/MCC,1.713,34.3,28.6
715,Other male reproductive system O.R. proc for malignancy w CC/MCC,1.1531,27.7,23.1
716,Other male reproductive system O.R. proc for malignancy w/o CC/MCC,0.5165,16.9,14.1
717,Other male reproductive system O.R. proc exc malignancy w CC/MCC,1.1531,27.7,23.1
718,Other male reproductive system O.R. proc exc malignancy w/o CC/MCC,0.5165,16.9,14.1
722,"Malignancy, male reproductive system w MCC",1.1531,27.7,23.1
723,"Malignancy, male reproductive system w CC",0.6019,18.7,15.6
724,"Malignancy, male reproductive system w/o CC/MCC",0.5165,16.9,14.1
725,Benign prostatic hypertrophy w MCC,0.5165,16.9,14.1
726,Benign prostatic hypertrophy w/o MCC,0.5165,16.9,14.1
727,Inflammation of the male reproductive system w MCC,0.8539,25.2,21.0
728,Inflammation of the male reproductive system w/o MCC,0.6557,21.5,17.9
729,Other male reproductive system diagnoses w CC/MCC,1.1531,27.7,23.1
730,Other male reproductive system diagnoses w/o CC/MCC,0.5165,16.9,14.1
734,"Pelvic evisceration, rad hysterectomy & rad vulvectomy w CC/MCC",1.1531,27.7,23.1
735,"Pelvic evisceration, rad hysterectomy & rad vulvectomy w/o CC/MCC",1.1531,27.7,23.1
736,Uterine & adnexa proc for ovarian or adnexal malignancy w MCC,1.1531,27.7,23.1
737,Uterine & adnexa proc for ovarian or adnexal malignancy w CC,1.1531,27.7,23.1
738,Uterine & adnexa proc for ovarian or adnexal malignancy w/o CC/MCC,0.5165,16.9,14.1
739,"Uterine,adnexa proc for non-ovarian/adnexal malig w MCC",1.6297,34.0,28.3
740,"Uterine,adnexa proc for non-ovarian/adnexal malig w CC",1.1531,27.7,23.1
741,"Uterine,adnexa proc for non-ovarian/adnexal malig w/o CC/MCC",0.6019,18.7,15.6
742,Uterine & adnexa proc for non-malignancy w CC/MCC,1.1531,27.7,23.1
743,Uterine & adnexa proc for non-malignancy w/o CC/MCC,1.1531,27.7,23.1
744,"D&C, conization, laparoscopy & tubal interruption w CC/MCC",1.713,34.3,28.6
745,"D&C, conization, laparoscopy & tubal interruption w/o CC/MCC",1.713,34.3,28.6
746,"Vagina, cervix & vulva procedures w CC/MCC",0.8194,22.7,18.9
747,"Vagina, cervix & vulva procedures w/o CC/MCC",0.5165,16.9,14.1
748,Female reproductive system reconstructive procedures,1.1531,27.7,23.1
749,Other female reproductive system O.R. procedures w CC/MCC,1.1531,27.7,23.1
750,Other female reproductive system O.R. procedures w/o CC/MCC,0.5165,16.9,14.1
754,"Malignancy, female reproductive system w MCC",1.713,34.3,28.6
755,"Malignancy, female reproductive system w CC",0.5165,16.9,14.1
756,"Malignancy, female reproductive system w/o CC/MCC",0.5165,16.9,14.1
757,"Infections, female reproductive system w MCC",0.7266,21.5,17.9
758,"Infections, female reproductive system w CC",0.7266,21.5,17.9
759,"Infections, female reproductive system w/o CC/MCC",0.5165,16.9,14.1
760,Menstrual & other female reproductive system disorders w CC/MCC,0.5165,16.9,14.1
761,Menstrual & other female reproductive system disorders w/o CC/MCC,0.5165,16.9,14.1
765,Cesarean section w CC/MCC,0.5165,16.9,14.1
766,Cesarean section w/o CC/MCC,0.5165,16.9,14.1
767,Vaginal delivery w sterilization &/or D&C,0.5165,16.9,14.1
768,Vaginal delivery w O.R. proc except steril &/or D&C,0.5165,16.9,14.1
769,Postpartum & post abortion diagnoses w O.R. procedure,0.5165,16.9,14.1
770,"Abortion w D&C, aspiration curettage or hysterotomy",0.5165,16.9,14.1
774,Vaginal delivery w complicating diagnoses,0.5165,16.9,14.1
775,Vaginal delivery w/o complicating diagnoses,0.5165,16.9,14.1
776,Postpartum & post abortion diagnoses w/o O.R. procedure,0.6019,18.7,15.6
777,Ectopic pregnancy,0.5165,16.9,14.1
778,Threatened abortion,0.5165,16.9,14.1
779,Abortion w/o D&C,0.5165,16.9,14.1
780,False labor,0.5165,16.9,14.1
781,Other antepartum diagnoses w medical complications,0.5165,16.9,14.1
782,Other antepartum diagnoses w/o medical complications,0.5165,16.9,14.1
789,"Neonates, died or transferred to another acute care facility",0.5165,16.9,14.1
790,"Extreme immaturity or respiratory distress syndrome, neonate",1.713,34.3,28.6
791,Prematurity w major problems,1.713,34.3,28.6
792,Prematurity w/o major problems,0.5165,16.9,14.1
793,Full term neonate w major problems,0.5165,16.9,14.1
794,Neonate w other significant problems,0.5165,16.9,14.1
795,Normal newborn,0.5165,16.9,14.1
799,Splenectomy w MCC,1.7396,35.2,29.3
800,Splenectomy w CC,1.1531,27.7,23.1
801,Splenectomy w/o CC/MCC,1.1531,27.7,23.1
802,Other O.R. proc of the blood & blood forming organs w MCC,0.8194,22.7,18.9
803,Other O.R. proc of the blood & blood forming organs w CC,0.8194,22.7,18.9
804,Other O.R. proc of the blood & blood forming organs w/o CC/MCC,0.8194,22.7,18.9
808,Major hematol/immun diag exc sickle cell crisis & coagul w MCC,1.1531,27.7,23.1
809,Major hematol/immun diag exc sickle cell crisis & coagul w CC,1.1531,27.7,23.1
810,Major hematol/immun diag exc sickle cell crisis & coagul w/o CC/MCC,1.1531,27.7,23.1
811,Red blood cell disorders w MCC,0.7186,21.3,17.8
812,Red blood cell disorders w/o MCC,0.6019,18.7,15.6
813,Coagulation disorders,1.1531,27.7,23.1
814,Reticuloendothelial & immunity disorders w MCC,0.8194,22.7,18.9
815,Reticuloendothelial & immunity disorders w CC,0.8194,22.7,18.9
816,Reticuloendothelial & immunity disorders w/o CC/MCC,0.8194,22.7,18.9
820,Lymphoma & leukemia w major O.R. procedure w MCC,0.8194,22.7,18.9
821,Lymphoma & leukemia w major O.R. procedure w CC,0.8194,22.7,18.9
822,Lymphoma & leukemia w major O.R. procedure w/o CC/MCC,0.8194,22.7,18.9
823,Lymphoma & non-acute leukemia w other proc w MCC,0.8194,22.7,18.9
824,Lymphoma & non-acute leukemia w other proc w CC,0.8194,22.7,18.9
825,Lymphoma & non-acute leukemia w other proc w/o CC/MCC,0.8194,22.7,18.9
826,Myeloprolif disord or poorly diff neopl w maj O.R. proc w MCC,0.8194,22.7,18.9
827,Myeloprolif disord or poorly diff neopl w maj O.R. proc w CC,0.8194,22.7,18.9
828,Myeloprolif disord or poorly diff neopl w maj O.R. proc w/o CC/MCC,0.8194,22.7,18.9
829,Myeloproliferative disorders or poorly differentiated neoplasms w other  procedure w CC/MCC,0.8194,22.7,18.9
830,Myeloproliferative disorders or poorly differentiated neoplasms w other  procedure w/o CC/MCC,0.8194,22.7,18.9
834,Acute leukemia w/o major O.R. procedure w MCC,0.6019,18.7,15.6
835,Acute leukemia w/o major O.R. procedure w CC,0.6019,18.7,15.6
836,Acute leukemia w/o major O.R. procedure w/o CC/MCC,0.6019,18.7,15.6
837,Chemo w acute leukemia as sdx or w high dose chemo agent w MCC,0.6019,18.7,15.6
838,Chemo w acute leukemia as sdx w CC or high dose chemo agent,0.6019,18.7,15.6
839,Chemo w acute leukemia as sdx w/o CC/MCC,0.6019,18.7,15.6
840,Lymphoma & non-acute leukemia w MCC,0.9184,22.7,18.9
841,Lymphoma & non-acute leukemia w CC,0.5165,16.9,14.1
842,Lymphoma & non-acute leukemia w/o CC/MCC,0.5165,16.9,14.1
843,Other myeloprolif dis or poorly diff neopl diag w MCC,0.8194,22.7,18.9
844,Other myeloprolif dis or poorly diff neopl diag w CC,0.6019,18.7,15.6
845,Other myeloprolif dis or poorly diff neopl diag w/o CC/MCC,0.6019,18.7,15.6
846,Chemotherapy w/o acute leukemia as secondary diagnosis w MCC,1.713,34.3,28.6
847,Chemotherapy w/o acute leukemia as secondary diagnosis w CC,1.713,34.3,28.6
848,Chemotherapy w/o acute leukemia as secondary diagnosis w/o CC/MCC,1.1531,27.7,23.1
849,Radiotherapy,1.1531,27.7,23.1
853,Infectious & parasitic diseases w O.R. procedure w MCC,1.8942,37.3,31.1
854,Infectious & parasitic diseases w O.R. procedure w CC,0.8194,22.7,18.9
855,Infectious & parasitic diseases w O.R. procedure w/o CC/MCC,0.8194,22.7,18.9
856,Postoperative or post-traumatic infections w O.R. proc w MCC,1.4257,31.8,26.5
857,Postoperative or post-traumatic infections w O.R. proc w CC,0.9624,27.0,22.5
858,Postoperative or post-traumatic infections w O.R. proc w/o CC/MCC,0.9624,27.0,22.5
862,Postoperative & post-traumatic infections w MCC,1.0736,25.6,21.3
863,Postoperative & post-traumatic infections w/o MCC,0.7001,21.5,17.9
864,Fever,0.6019,18.7,15.6
865,Viral illness w MCC,1.0947,26.0,21.7
866,Viral illness w/o MCC,0.6019,18.7,15.6
867,Other infectious & parasitic diseases diagnoses w MCC,1.0295,24.2,20.2
868,Other infectious & parasitic diseases diagnoses w CC,0.8194,22.7,18.9
869,Other infectious & parasitic diseases diagnoses w/o CC/MCC,0.6019,18.7,15.6
870,Septicemia or severe sepsis w MV >96 hours,1.9038,29.9,24.9
871,Septicemia or severe sepsis w/o MV >96 hours w MCC,0.9423,22.9,19.1
872,Septicemia or severe sepsis w/o MV >96 hours w/o MCC,0.6121,19.6,16.3
876,O.R. procedure w principal diagnoses of mental illness,0.7881,22.9,19.1
880,Acute adjustment reaction & psychosocial dysfunction,0.4959,17.7,14.8
881,Depressive neuroses,0.6214,20.3,16.9
882,Neuroses except depressive,0.6214,20.3,16.9
883,Disorders of personality & impulse control,0.6214,20.3,16.9
884,Organic disturbances & intellectual disability,0.5152,24.5,20.4
885,Psychoses,0.4901,23.1,19.3
886,Behavioral & developmental disorders,0.4959,17.7,14.8
887,Other mental disorder diagnoses,0.4959,17.7,14.8
894,"Alcohol/drug abuse or dependence, left ama",0.4959,17.7,14.8
895,Alcohol/drug abuse or dependence w rehabilitation therapy,0.467,25.4,21.2
896,Alcohol/drug abuse or dependence w/o rehabilitation therapy w MCC,0.7881,22.9,19.1
897,Alcohol/drug abuse or dependence w/o rehabilitation therapy w/o MCC,0.6214,20.3,16.9
901,Wound debridements for injuries w MCC,1.5099,34.4,28.7
902,Wound debridements for injuries w CC,1.0703,28.0,23.3
903,Wound debridements for injuries w/o CC/MCC,0.8194,22.7,18.9
904,Skin grafts for injuries w CC/MCC,1.713,34.3,28.6
905,Skin grafts for injuries w/o CC/MCC,0.8194,22.7,18.9
906,Hand procedures for injuries,0.8194,22.7,18.9
907,Other O.R. procedures for injuries w MCC,1.4451,32.9,27.4
908,Other O.R. procedures for injuries w CC,1.1531,27.7,23.1
909,Other O.R. procedures for injuries w/o CC/MCC,0.5165,16.9,14.1
913,Traumatic injury w MCC,0.8194,22.7,18.9
914,Traumatic injury w/o MCC,0.5165,16.9,14.1
915,Allergic reactions w MCC,1.1531,27.7,23.1
916,Allergic reactions w/o MCC,0.5165,16.9,14.1
917,Poisoning & toxic effects of drugs w MCC,1.3482,23.5,19.6
918,Poisoning & toxic effects of drugs w/o MCC,0.5165,16.9,14.1
919,Complications of treatment w MCC,1.1476,27.4,22.8
920,Complications of treatment w CC,0.8001,23.4,19.5
921,Complications of treatment w/o CC/MCC,0.6019,18.7,15.6
922,"Other injury, poisoning & toxic effect diag w MCC",0.8194,22.7,18.9
923,"Other injury, poisoning & toxic effect diag w/o MCC",0.8194,22.7,18.9
927,Extensive burns or full thickness burns w MV >96 hrs w skin graft,0.5165,16.9,14.1
928,Full thickness burn w skin graft or inhal inj w CC/MCC,0.5165,16.9,14.1
929,Full thickness burn w skin graft or inhal inj w/o CC/MCC,0.5165,16.9,14.1
933,Extensive burns or full thickness burns w MV >96 hrs w/o skin graft,0.8194,22.7,18.9
934,Full thickness burn w/o skin grft or inhal inj,0.6019,18.7,15.6
935,Non-extensive burns,0.6019,18.7,15.6
939,O.R. proc w diagnoses of other contact w health services w MCC,1.3143,31.7,26.4
940,O.R. proc w diagnoses of other contact w health services w CC,0.8184,24.1,20.1
941,O.R. proc w diagnoses of other contact w health services w/o CC/MCC,0.6019,18.7,15.6
945,Rehabilitation w CC/MCC,0.6621,20.5,17.1
946,Rehabilitation w/o CC/MCC,0.4063,16.3,13.6
947,Signs & symptoms w MCC,0.8194,22.7,18.9
948,Signs & symptoms w/o MCC,0.5165,16.9,14.1
949,Aftercare w CC/MCC,0.7431,21.4,17.8
950,Aftercare w/o CC/MCC,0.432,16.0,13.3
951,Other factors influencing health status,0.8194,22.7,18.9
955,Craniotomy for multiple significant trauma,1.1531,27.7,23.1
956,"Limb reattachment, hip & femur proc for multiple significant trauma",0.9343,23.4,19.5
957,Other O.R. procedures for multiple significant trauma w MCC,1.713,34.3,28.6
958,Other O.R. procedures for multiple significant trauma w CC,0.6019,18.7,15.6
959,Other O.R. procedures for multiple significant trauma w/o CC/MCC,0.6019,18.7,15.6
963,Other multiple significant trauma w MCC,1.713,34.3,28.6
964,Other multiple significant trauma w CC,1.1531,27.7,23.1
965,Other multiple significant trauma w/o CC/MCC,1.1531,27.7,23.1
969,HIV w extensive O.R. procedure w MCC,1.713,34.3,28.6
970,HIV w extensive O.R. procedure w/o MCC,0.8194,22.7,18.9
974,HIV w major related condition w MCC,1.1764,24.2,20.2
975,HIV w major related condition w CC,0.8194,22.7,18.9
976,HIV w major related condition w/o CC/MCC,0.5165,16.9,14.1
977,HIV w or w/o other related condition,0.8194,22.7,18.9
981,Extensive O.R. procedure unrelated to principal diagnosis w MCC,2.2136,40.1,33.4
982,Extensive O.R. procedure unrelated to principal diagnosis w CC,1.1418,27.8,23.2
983,Extensive O.R. procedure unrelated to principal diagnosis w/o CC/MCC,0.8194,22.7,18.9
987,Non-extensive O.R. proc unrelated to principal diagnosis w MCC,1.9609,39.1,32.6
988,Non-extensive O.R. proc unrelated to principal diagnosis w CC,1.713,34.3,28.6
989,Non-extensive O.R. proc unrelated to principal diagnosis w/o CC/MCC,0.5165,16.9,14.1
998,Principal diagnosis invalid as discharge diagnosis,0.0,0.0,0.0
999,Ungroupable,0.0,0.0,0.0
